{"sEmptyTable":"Tabloda veri yok","sInfo":"Gösteri _START_ to _END_ of _TOTAL_ girdi","sInfoEmpty":"0'dan 0'a girişler gösteriliyor","sInfoFiltered":"(filtre uygulanmış _MAX_ toplam girişler)","sInfoPostFix":"","sInfoThousands":",","sLengthMenu":"Göster _MENU_ girdi","sLoadingRecords":"Yükleniyor...","sProcessing":"Yapılıyor...","sSearch":"Arama:","sZeroRecords":"Eşleşen kayıt bulundu","oPaginate":{"sFirst":"İlk","sLast":"Son","sNext":"Sonraki","sPrevious":"Önceki"},"oAria":{"sSortAscending":": sıralamayı etkinleştir","sSortDescending":": sütun sayısını sıralamak için etkinleştir"}}